Model,MAE_med,MAE_IQR,RMSE_med,RMSE_IQR,Spearman_Rs_med,Spearman_Rs_IQR,Kendall_tau_med,Kendall_tau_IQR
M3 — Geometry Proxy,20.918640904789864,7.931619213940046,32.534428673862024,9.013563886608743,0.6145307231399946,0.2972466557832411,0.4640954808922571,0.24267399267399264
M5 — Physics-informed ★,19.389865093268497,6.383898603651371,30.08956840216903,9.235437374910902,0.6637151681571001,0.23145042108314895,0.5164835164835165,0.19780219780219777
